Generation,Value
1,-0.00819745724950463
2,-0.00789266159291019
3,-0.00789266159291019
4,-0.007851425882459954
5,-0.007851425882459954
6,-0.007851425882459954
7,-0.007804671544426278
8,-0.007804671544426278
9,-0.007804671544426278
10,-0.007804671544426278
11,-0.007804671544426278
12,-0.007802209353986871
13,-0.007802209353986871
14,-0.007778767796797905
15,-0.007778767796797905
16,-0.007778767796797905
